codon	count	frecuencia_relativa
TTT	17087	0.016626204735748724
TTC	19693	0.019161927187984994
TTA	7524	0.007321095829096588
TTG	12589	0.012249504969763018
TCT	15097	0.014689870246128547
TCC	18689	0.018185002651513307
TCA	13068	0.012715587492641442
TCG	4679	0.004552818631624526
TAT	11533	0.011221982748135427
TAC	15109	0.014701546635010679
TAA	0	0.0
TAG	0	0.0
TGT	9543	0.00928564825851525
TGC	11661	0.011346530896211498
TGA	0	0.0
TGG	12325	0.011992624414356121
CTT	13523	0.013158317237755603
CTC	19269	0.018749361447483008
CTA	6995	0.006806361685875948
CTG	40977	0.03987194893525929
CCT	19963	0.019424645937832958
CCC	21835	0.021246162603445508
CCA	20526	0.019972463182886306
CCG	7901	0.007687929046476893
CAT	10916	0.010621621753112487
CAC	15584	0.015163737028261726
CAA	12264	0.011933269437538618
CAG	36334	0.03535415947028116
CGT	4866	0.004734775691704413
CGC	11176	0.010874610178892009
CGA	6639	0.006459962149039373
CGG	12496	0.012159012955926498
ATT	16159	0.015723230662197205
ATC	20667	0.020109660752251353
ATA	7257	0.007061296176469157
ATG	22513	0.02190587857528595
ACT	14219	0.013835547792919243
ACC	20061	0.0195200031137037
ACA	15897	0.015468296171603996
ACG	6401	0.006228380436210428
AAT	16467	0.016022924643505253
AAC	18983	0.018471074179125534
AAA	23306	0.02267749327391349
AAG	32632	0.03175199350014352
AGT	12637	0.012296210525291545
AGC	21196	0.020624394895471992
AGA	12038	0.011713364113591803
AGG	11450	0.011141221058367349
GTT	11016	0.01071892499379692
GTC	14663	0.014267574181558117
GTA	7050	0.0068598784682523855
GTG	28273	0.027510545238709175
GCT	20172	0.019628009710863422
GCC	30097	0.029285356348793198
GCA	16786	0.016333321981288586
GCG	7456	0.007254929625431175
GAT	21939	0.021347357973757315
GAC	26323	0.02561313204536277
GAA	29595	0.028796894080557352
GAG	41859	0.04073016351809597
GGT	11304	0.01099915832696808
GGC	24688	0.024022224060172324
GGA	17658	0.017181806240056826
GGG	17092	0.016631069897782947
